ID,file_name
0,test_000.wav
1,test_001.wav
2,test_002.wav
3,test_003.wav
4,test_004.wav
5,test_005.wav
6,test_006.wav
7,test_007.wav
8,test_008.wav
9,test_009.wav
10,test_010.wav
11,test_011.wav
12,test_012.wav
13,test_013.wav
14,test_014.wav
15,test_015.wav
16,test_016.wav
17,test_017.wav
18,test_018.wav
19,test_019.wav
20,test_020.wav
21,test_021.wav
22,test_022.wav
23,test_023.wav
24,test_024.wav
25,test_025.wav
26,test_026.wav
27,test_027.wav
28,test_028.wav
29,test_029.wav
30,test_030.wav
31,test_031.wav
32,test_032.wav
33,test_033.wav
34,test_034.wav
35,test_035.wav
36,test_036.wav
37,test_037.wav
38,test_038.wav
39,test_039.wav
40,test_040.wav
41,test_041.wav
42,test_042.wav
43,test_043.wav
44,test_044.wav
45,test_045.wav
46,test_046.wav
47,test_047.wav
48,test_048.wav
49,test_049.wav
50,test_050.wav
51,test_051.wav
52,test_052.wav
53,test_053.wav
54,test_054.wav
55,test_055.wav
56,test_056.wav
57,test_057.wav
58,test_058.wav
59,test_059.wav
60,test_060.wav
61,test_061.wav
62,test_062.wav
63,test_063.wav
64,test_064.wav
65,test_065.wav
66,test_066.wav
67,test_067.wav
68,test_068.wav
69,test_069.wav
70,test_070.wav
71,test_071.wav
72,test_072.wav
73,test_073.wav
74,test_074.wav
75,test_075.wav
76,test_076.wav
77,test_077.wav
78,test_078.wav
79,test_079.wav
80,test_080.wav
81,test_081.wav
82,test_082.wav
83,test_083.wav
84,test_084.wav
85,test_085.wav
86,test_086.wav
87,test_087.wav
88,test_088.wav
89,test_089.wav
90,test_090.wav
91,test_091.wav
92,test_092.wav
93,test_093.wav
94,test_094.wav
95,test_095.wav
96,test_096.wav
97,test_097.wav
98,test_098.wav
99,test_099.wav
100,test_100.wav
101,test_101.wav
102,test_102.wav
103,test_103.wav
104,test_104.wav
105,test_105.wav
106,test_106.wav
107,test_107.wav
108,test_108.wav
109,test_109.wav
110,test_110.wav
111,test_111.wav
112,test_112.wav
113,test_113.wav
114,test_114.wav
115,test_115.wav
116,test_116.wav
117,test_117.wav
118,test_118.wav
119,test_119.wav
120,test_120.wav
121,test_121.wav
122,test_122.wav
123,test_123.wav
124,test_124.wav
125,test_125.wav
126,test_126.wav
127,test_127.wav
128,test_128.wav
129,test_129.wav
130,test_130.wav
131,test_131.wav
132,test_132.wav
133,test_133.wav
134,test_134.wav
135,test_135.wav
136,test_136.wav
137,test_137.wav
138,test_138.wav
139,test_139.wav
140,test_140.wav
141,test_141.wav
142,test_142.wav
143,test_143.wav
144,test_144.wav
145,test_145.wav
146,test_146.wav
147,test_147.wav
148,test_148.wav
149,test_149.wav
150,test_150.wav
151,test_151.wav
152,test_152.wav
153,test_153.wav
154,test_154.wav
155,test_155.wav
156,test_156.wav
157,test_157.wav
158,test_158.wav
159,test_159.wav
160,test_160.wav
161,test_161.wav
162,test_162.wav
163,test_163.wav
164,test_164.wav
165,test_165.wav
166,test_166.wav
167,test_167.wav
168,test_168.wav
169,test_169.wav
170,test_170.wav
171,test_171.wav
172,test_172.wav
173,test_173.wav
174,test_174.wav
175,test_175.wav
176,test_176.wav
177,test_177.wav
178,test_178.wav
179,test_179.wav
180,test_180.wav
181,test_181.wav
182,test_182.wav
183,test_183.wav
184,test_184.wav
185,test_185.wav
186,test_186.wav
187,test_187.wav
188,test_188.wav
189,test_189.wav
190,test_190.wav
191,test_191.wav
192,test_192.wav
193,test_193.wav
194,test_194.wav
195,test_195.wav
196,test_196.wav
197,test_197.wav
198,test_198.wav
199,test_199.wav
200,test_200.wav
201,test_201.wav
202,test_202.wav
203,test_203.wav
204,test_204.wav
205,test_205.wav
206,test_206.wav
207,test_207.wav
208,test_208.wav
209,test_209.wav
